<?xml version="1.0" encoding="UTF-8" ?>
<x:xmpmeta xmlns:x="adobe:ns:meta/">
    <rdf:RDF xmlns:rdf="http://www.w3.org/1999/02/22-rdf-syntax-ns#">
        <rdf:Description rdf:about="" xmlns="http://namespace.corel.com/Cdr/metadata">
            <FontsUsed>
                <rdf:Bag />
            </FontsUsed>
            <CoreVersion>1400</CoreVersion>
            <Keywords />
            <Notes />
            <Author>Lyudmila</Author>
            <Subject />
            <Copyright />
            <Revision>-1</Revision>
            <LastAuthor>Lyudmila</LastAuthor>
            <Sided />
            <Folds />
            <Type />
            <Industry />
            <ProductId>0</ProductId>
            <ProductName>CorelDRAW X8</ProductName>
            <AppVersion>1400</AppVersion>
            <BuildNumber>661</BuildNumber>
            <Platform>0</Platform>
            <Locale>1049</Locale>
            <RiffCompressionRatio>0</RiffCompressionRatio>
            <EmbeddedOleObjects>0</EmbeddedOleObjects>
            <FontsEmbedded>0</FontsEmbedded>
            <Language>1049</Language>
            <DocID>171356be-dc87-4ffb-9567-20c2aaec204b</DocID>
            <NumPages>1</NumPages>
            <NumLayers>1</NumLayers>
            <PageWidth>2100000</PageWidth>
            <PageHeight>2970000</PageHeight>
            <PageDimensions>210 x 297 мм</PageDimensions>
            <PageSizeName>A4</PageSizeName>
            <PageOrientation>1</PageOrientation>
            <ResolutionX>300</ResolutionX>
            <ResolutionY>300</ResolutionY>
            <Effects>
                <Perspective>0</Perspective>
                <Envelope>0</Envelope>
                <DropShadow>0</DropShadow>
                <Blend>0</Blend>
                <Extrude>0</Extrude>
                <Bevel>0</Bevel>
                <Contour>0</Contour>
                <PowerClip>0</PowerClip>
                <Clone>0</Clone>
                <Lens>0</Lens>
                <Transparency>0</Transparency>
                <Distortion>0</Distortion>
            </Effects>
            <Objects>
                <Total>18687</Total>
                <Group>58</Group>
                <Curve>18569</Curve>
                <Rect>38</Rect>
                <Bitmap>72</Bitmap>
                <Ellipse>8</Ellipse>
                <MeshFill>0</MeshFill>
                <Polygon>0</Polygon>
                <OLE>
                    <Linked>0</Linked>
                    <Embedded>0</Embedded>
                </OLE>
                <Guideline>0</Guideline>
                <Symbol>
                    <Definitions>0</Definitions>
                    <Instances>0</Instances>
                </Symbol>
                <Text>0</Text>
            </Objects>
            <CurveInfo>
                <Subpaths>136</Subpaths>
                <Nodes>266500</Nodes>
                <MaxNodes>3097</MaxNodes>
            </CurveInfo>
            <BitmapInfo>
                <Types>
                    <rdf:Bag>
                        <rdf:li>3</rdf:li>
                        <rdf:li>5</rdf:li>
                    </rdf:Bag>
                </Types>
                <LinkPaths>
                    <rdf:Bag />
                </LinkPaths>
            </BitmapInfo>
            <TextInfo>
                <ParagraphText>0</ParagraphText>
                <ArtisticText>0</ArtisticText>
                <Frames>0</Frames>
                <EmptyFrames>0</EmptyFrames>
                <Paragraphs>0</Paragraphs>
                <Lines>0</Lines>
                <Words>0</Words>
                <Characters>0</Characters>
                <DocFormatterId>1500</DocFormatterId>
                <Languages>
                    <rdf:Bag />
                </Languages>
            </TextInfo>
            <Styles>
                <rdf:Bag />
            </Styles>
            <Fills>
                <None>193</None>
                <Uniform>18494</Uniform>
                <Fountain>0</Fountain>
                <Texture>0</Texture>
                <Postscript>0</Postscript>
                <Hatch>0</Hatch>
                <Pattern>0</Pattern>
                <Colors>
                    <rdf:Bag>
                        <rdf:li>CMYK255</rdf:li>
                        <rdf:li>RGB</rdf:li>
                    </rdf:Bag>
                </Colors>
                <Palettes>
                    <rdf:Bag>
                        <rdf:li>PANTONE® solid coated</rdf:li>
                        <rdf:li>Палитра CMYK по умолчанию</rdf:li>
                    </rdf:Bag>
                </Palettes>
                <SpotColors>
                    <rdf:Bag>
                        <rdf:li>PANTONE 2955 C</rdf:li>
                    </rdf:Bag>
                </SpotColors>
            </Fills>
            <Outlines>
                <None>18566</None>
                <Solid>121</Solid>
                <Dashed>0</Dashed>
                <Enhanced>0</Enhanced>
                <BehindFill>0</BehindFill>
                <ScalePen>0</ScalePen>
                <Hairline>0</Hairline>
                <Colors>
                    <rdf:Bag>
                        <rdf:li>CMYK</rdf:li>
                    </rdf:Bag>
                </Colors>
                <Palettes>
                    <rdf:Bag />
                </Palettes>
                <SpotColors>
                    <rdf:Bag />
                </SpotColors>
            </Outlines>
            <ClipRect bottom="-8652795" left="4457503" right="18355936" top="-2339955" />
            <Properties />
        </rdf:Description>
    </rdf:RDF>
</x:xmpmeta>
