<?xml version="1.0" encoding="UTF-8" ?>
<x:xmpmeta xmlns:x="adobe:ns:meta/">
    <rdf:RDF xmlns:rdf="http://www.w3.org/1999/02/22-rdf-syntax-ns#">
        <rdf:Description rdf:about="" xmlns="http://namespace.corel.com/Cdr/metadata">
            <ObjectNames>
                <rdf:Bag>
                    <rdf:li>0e5d74b61ab8657c41c7a53a38216fca.jpg</rdf:li>
                    <rdf:li>0ebb2a4bc909cd56fbd9026825093f65.jpg</rdf:li>
                    <rdf:li>10f97ed8ed2f41177d0de2f964e33033.jpg</rdf:li>
                    <rdf:li>1526e313b16f01848239cf877f4fd88a.jpg</rdf:li>
                    <rdf:li>160ae5ed4c8fab68577e8bcbc4742e9c.jpg</rdf:li>
                    <rdf:li>222bfb10164f1320f03d45d85b958681.jpg</rdf:li>
                    <rdf:li>22cf969f6aeccef18324f2ef2931c3b6.jpg</rdf:li>
                    <rdf:li>2547d0ef8e26897bb3b15af28d2045e8.jpg</rdf:li>
                    <rdf:li>2a9f63462f14d2d5cf71877a39b84f89.jpg</rdf:li>
                    <rdf:li>2c8ee7b27fff582a50a27c838be8004e.jpg</rdf:li>
                    <rdf:li>2d41930f256a2120617fbf37c6632bc0.jpg</rdf:li>
                    <rdf:li>2e2f57dc201db6e2c285ae4d2a92b9ab.jpg</rdf:li>
                    <rdf:li>2fca33eb6b5cbf14520fa7d34c64f650.jpg</rdf:li>
                    <rdf:li>39599bc066c342d3d98a8101ba663615.jpg</rdf:li>
                    <rdf:li>3b344c331ce421392a617835a75274a5.jpg</rdf:li>
                    <rdf:li>4063b515cd478515d591eb4103a7c393.jpg</rdf:li>
                    <rdf:li>5833b9e8cb94769bd895266788473c9a.jpg</rdf:li>
                    <rdf:li>583dc99697267539df8b9e06e902e0a8.jpg</rdf:li>
                    <rdf:li>59e6d198493d2e9b67cdee5a240dc300.jpg</rdf:li>
                    <rdf:li>5db19d3cf845325f9168a2fb4d163355.jpg</rdf:li>
                    <rdf:li>5ee0dbc83de9ae9cd5e453d7f1d26421.jpg</rdf:li>
                    <rdf:li>6696613bcff6776495ad46f8aa74151b.jpg</rdf:li>
                    <rdf:li>6bd9cf24cfaabcf7f4d68453034eee9d.jpg</rdf:li>
                    <rdf:li>6e38eecdb3bce34ed11f3fd2f099c57f.jpg</rdf:li>
                    <rdf:li>743b9c1c33bdcbe303b2b026e4e25a20.jpg</rdf:li>
                    <rdf:li>81f2fa3f79cfb5588d8198339172278e.jpg</rdf:li>
                    <rdf:li>86ecaea006b3bd06f15854f0dc553eb6.jpg</rdf:li>
                    <rdf:li>8b2617593a0e53bc73b790676fd4bc5b.jpg</rdf:li>
                    <rdf:li>90aa772d489fc10e22c0eaa04e355bb4.jpg</rdf:li>
                    <rdf:li>923c2569461fada83d78d1c60eb0e287.jpg</rdf:li>
                    <rdf:li>9542b51a776f3830847b3e5420bf7742.jpg</rdf:li>
                    <rdf:li>956d9ecf636992e88f784a02c27a038a.jpg</rdf:li>
                    <rdf:li>97a5f14196f5f4cf9bc5993196e8dcac.jpg</rdf:li>
                    <rdf:li>9aed709961da381095b1f578d1a57527.jpg</rdf:li>
                    <rdf:li>Debbie-Harry-awesome-photo-1068x1078.jpg</rdf:li>
                    <rdf:li>Slipknot-Emblem.png</rdf:li>
                    <rdf:li>a580444ac990898c1c52edf1994b6b52.jpg</rdf:li>
                    <rdf:li>a81cadb0803a207ee603a784721bfdc1.jpg</rdf:li>
                    <rdf:li>af71a2d3f1275a34da76401f059d1699.jpg</rdf:li>
                    <rdf:li>b4ada00f3ef9b21897244d6844f8d5f0.jpg</rdf:li>
                    <rdf:li>bc45b33440e5da2e6fe77ea568ca1d1d.jpg</rdf:li>
                    <rdf:li>c2ffa35b19f310a61f306c31935156e4.jpg</rdf:li>
                    <rdf:li>c73d77144a2cd9ff41fc0770162826e6.jpg</rdf:li>
                    <rdf:li>cb09280b35e7a51d51451faf39991faf.jpg</rdf:li>
                    <rdf:li>ce971c08e73ad0f805111dccbab100fb.jpg</rdf:li>
                    <rdf:li>cf66bb159c0c4b97a07bcae2c40d6ea4.jpg</rdf:li>
                    <rdf:li>dbca8350189ec844f105ffaf63b2c8f2.jpg</rdf:li>
                    <rdf:li>dc24b6db94d249472d43b71cc3574bdb.jpg</rdf:li>
                    <rdf:li>ddb341adaa9c2cbe3d03df29cf028e99.jpg</rdf:li>
                    <rdf:li>e56e4ad036561bb46922b240d243292d.jpg</rdf:li>
                    <rdf:li>eb8ce4e53c07b41aea61495946ba679f.jpg</rdf:li>
                    <rdf:li>ee0eb97ee0a73da6255fb3cd4e2c3c33.jpg</rdf:li>
                    <rdf:li>f13677ae9aee8b18ac6c8ce2e8ca09f7.jpg</rdf:li>
                    <rdf:li>f2f1dd33fab83a1a7c6dddf2a2aa7d3b.jpg</rdf:li>
                    <rdf:li>f6f53c4237486a1361581b5865a927b2.jpg</rdf:li>
                    <rdf:li>fa2bafb7f361125e005e6e786835dfb2.jpg</rdf:li>
                    <rdf:li>fd867fa248501aa29d7ab94eb13ce640.jpg</rdf:li>
                    <rdf:li>ffe5b6073b6e0e55ef0ca9f3288c7f0d.jpg</rdf:li>
                    <rdf:li>si-435345.jpg_maxdim-1000_resize-yes.jpg</rdf:li>
                    <rdf:li>unnamed.jpg</rdf:li>
                </rdf:Bag>
            </ObjectNames>
            <LayerNames>
                <rdf:Bag>
                    <rdf:li>Слой 1</rdf:li>
                </rdf:Bag>
            </LayerNames>
            <PageNames>
                <rdf:Bag />
            </PageNames>
        </rdf:Description>
    </rdf:RDF>
</x:xmpmeta>
